source_set,lower_400h,upper_400h,width_400h
field only,0.8107429544810026,0.8373824044578367,0.026639449976834095
field + sensor,0.7748271830642649,0.811630899472233,0.03680371640796809
field + sensor + simulation,0.7755292529637878,0.8108165137998654,0.03528726083607758
full without text,0.7753906812783221,0.8081600220513834,0.03276934077306126
full with weak text,0.7731082867231893,0.8077274213480323,0.034619134624843007
